
[
  { "id": 0, "name": "Upper abdominal pain" },
  { "id": 1, "name": "Lower abdominal pain" },
  { "id": 2, "name": "Alcohol abuse" },
  { "id": 3, "name": "Anxiety (Nervousness)" },
  { "id": 4, "name": "Arm ache or pain" },
  { "id": 5, "name": "Back ache or pain" },
  { "id": 6, "name": "Bleeding tendency" },
  { "id": 7, "name": "Blood in vomit" },
  { "id": 8, "name": "Pain or soreness of breast" },
  { "id": 9, "name": "Chest pressure" },
  { "id": 10, "name": "Chills" },
  { "id": 11, "name": "Change in behavior" },
  { "id": 12, "name": "Cough" },
  { "id": 13, "name": "Depressed" },
  { "id": 14, "name": "Dizziness" },
  { "id": 15, "name": "Double vision (Diplopia)" },
  { "id": 16, "name": "Ear pressure" },
  { "id": 17, "name": "Pain in the ear" },
  { "id": 18, "name": "Eye pain (Irritation)" },
  { "id": 19, "name": "Facial pain" },
  { "id": 20, "name": "Fainting" },
  { "id": 21, "name": "Fever" },
  { "id": 22, "name": "Fever in the returning traveler" },
  { "id": 23, "name": "Fever of unknown origin" },
  { "id": 24, "name": "Flank pain" },
  { "id": 25, "name": "Frequent urination (Frequency)" },
  { "id": 26, "name": "Delusions or hallucinations" },
  { "id": 27, "name": "Headache" },
  { "id": 28, "name": "Hives" },
  { "id": 29, "name": "Hypothermia (Low temperature)" },
  { "id": 30, "name": "Incontinence (leaking urine)" },
  { "id": 31, "name": "Insomnia (Trouble sleeping)" },
  { "id": 32, "name": "Skin itching" },
  { "id": 33, "name": "Kidney pain (Flank pain)" },
  { "id": 34, "name": "Leg ache or pain" },
  { "id": 35, "name": "Swelling of both legs" },
  { "id": 36, "name": "Lethargy (Sluggishness)" },
  { "id": 37, "name": "Mouth pain" },
  { "id": 38, "name": "Muscle pain" },
  { "id": 39, "name": "Nasal bleeding" },
  { "id": 40, "name": "Neck ache or pain" },
  { "id": 41, "name": "Neck swelling" },
  { "id": 42, "name": "Numbness" },
  { "id": 43, "name": "Obesity" },
  { "id": 44, "name": "Overdose" },
  { "id": 45, "name": "Heart pulsations and palpitations" },
  { "id": 46, "name": "Poisoning" },
  { "id": 47, "name": "Rash" },
  { "id": 48, "name": "Seizure" },
  { "id": 49, "name": "Shortness of breath" },
  { "id": 50, "name": "Shoulder ache or pain" },
  { "id": 51, "name": "Sinus pain and pressure" },
  { "id": 52, "name": "Sore throat" },
  { "id": 53, "name": "Speech problem" },
  { "id": 54, "name": "Substance abuse (Drug abuse)" },
  { "id": 55, "name": "Swallowing problem (Dysphagia)" },
  { "id": 56, "name": "Trauma" },
  { "id": 57, "name": "Unsteady gait (Trouble walking)" },
  { "id": 58, "name": "Vaginal bleeding" },
  { "id": 59, "name": "Vaginal pain" },
  { "id": 60, "name": "Vertigo (Room spinning)" },
  { "id": 61, "name": "Visual problems" },
  { "id": 62, "name": "Vomiting" },
  { "id": 63, "name": "General weakness" },
  { "id": 64, "name": "Tired" },
  { "id": 65, "name": "Throat pain" },
  { "id": 66, "name": "Tremors" },
  { "id": 67, "name": "Weight loss, unexplained" },
  { "id": 68, "name": "Inconsolable baby" },
  { "id": 69, "name": "Swollen lymph nodes (Large lymph nodes)" },
  { "id": 70, "name": "Failure to thrive" },
  { "id": 71, "name": "Itchy rash (Pruritic rash)" },
  { "id": 72, "name": "Learning difficulties" },
  { "id": 73, "name": "Blood in urine (Hematuria)" },
  { "id": 74, "name": "Urinary retention (Inability to urinate)" },
  { "id": 75, "name": "Choking" },
  { "id": 76, "name": "Painful rash" },
  { "id": 77, "name": "Vomiting coffee ground material" },
  { "id": 78, "name": "Ringing in ears (Tinnitus)" },
  { "id": 79, "name": "Mouth ulcers" },
  { "id": 80, "name": "Mouth swelling" },
  { "id": 81, "name": "Eye redness" },
  { "id": 82, "name": "Bleeding gums" },
  { "id": 83, "name": "Loss of balance" },
  { "id": 84, "name": "Muscle spasm" },
  { "id": 85, "name": "Abdominal swelling (Stomach swelling)" },
  { "id": 86, "name": "Hand numbness (paresthesias)" },
  { "id": 87, "name": "Hemoptysis (Coughing blood)" },
  { "id": 88, "name": "Jaundice (Yellowing skin)" },
  { "id": 89, "name": "Blister (Pocket of fluid)" },
  { "id": 90, "name": "Jaw pain" },
  { "id": 91, "name": "Impotence" },
  { "id": 92, "name": "Pustule (Collection of pus)" },
  { "id": 93, "name": "Skin swelling" },
  { "id": 94, "name": "Lip swelling" },
  { "id": 95, "name": "Eye swelling" },
  { "id": 96, "name": "Visual flashing lights" },
  { "id": 97, "name": "Eye floaters" },
  { "id": 98, "name": "Amenorrhea (No menstruation)" },
  { "id": 99, "name": "Blurry vision" },
  { "id": 100, "name": "Painful gums" },
  { "id": 101, "name": "Swollen gums" },
  { "id": 102, "name": "Low heart rate" },
  { "id": 103, "name": "Foot itching" },
  { "id": 104, "name": "Hot flashes" },
  { "id": 105, "name": "Infertility (Female)" },
  { "id": 106, "name": "Increased facial hair" },
  { "id": 107, "name": "Arm swelling" },
  { "id": 108, "name": "Ear swelling" },
  { "id": 109, "name": "Arm itching" },
  { "id": 110, "name": "Hand redness" },
  { "id": 111, "name": "Foot redness" },
  { "id": 112, "name": "Arm redness" },
  { "id": 113, "name": "Hand itching" },
  { "id": 114, "name": "Steatorrhea (Excess fat in stool)" },
  { "id": 115, "name": "Armpit pain" },
  { "id": 116, "name": "Nasal congestion" },
  { "id": 117, "name": "Skin sores" },
  { "id": 118, "name": "Arm numbness (paresthesias)" },
  { "id": 119, "name": "Leg numbness (paresthesias)" },
  { "id": 120, "name": "Foot numbness (paresthesias)" },
  { "id": 121, "name": "Face numbness (paresthesias)" },
  { "id": 122, "name": "Facial droop (weakness)" },
  { "id": 123, "name": "Snoring" },
  { "id": 124, "name": "Chest pain" },
  { "id": 125, "name": "Stomach and abdominal pain" },
  { "id": 126, "name": "Low back ache or pain" },
  { "id": 127, "name": "Confusion" },
  { "id": 128, "name": "Headache and weakness" },
  { "id": 129, "name": "Confusion and headache" },
  { "id": 130, "name": "Nipple discharge" }
]
